{"indexes":[{"v":{"$numberInt":"2"},"key":{"_id":{"$numberInt":"1"}},"name":"_id_"},{"v":{"$numberInt":"2"},"key":{"expireAt":{"$numberInt":"1"}},"name":"expireAt_1","background":true,"expireAfterSeconds":{"$numberInt":"0"}},{"v":{"$numberInt":"2"},"key":{"_key":{"$numberInt":"1"},"score":{"$numberInt":"-1"}},"name":"_key_1_score_-1","background":true},{"v":{"$numberInt":"2"},"key":{"_key":{"$numberInt":"1"},"value":{"$numberInt":"-1"}},"name":"_key_1_value_-1","background":true,"unique":true,"sparse":true}],"uuid":"408db7dbe2874fe49ca52496c6a945d7","collectionName":"objects","type":"collection"}