[
	{
		"widget": "html",
		"data" : {
			"html": "<footer id=\"footer\" class=\"container footer d-flex flex-column align-items-center gap-1 mb-2\">\n\t<span>Powered by <a class=\"link-secondary text-decoration-underline\" target=\"_blank\" href=\"https://nodebb.org\">NodeBB</a></span>\n\t<span><a class=\"link-secondary\" target=\"_blank\" href=\"//github.com/NodeBB/NodeBB/graphs/contributors\"><i class=\"fa fa-users\"></i> <span class=\"text-decoration-underline\">Contributors<span></a></span>\n</footer>",
			"title":"",
			"container":""
		}
	}
]